{
  "items": [
    {
      "id": "taka-001",
      "fact": "Taka is Mentis's Japanese wife",
      "category": "relationship",
      "timestamp": "2026-01-31",
      "source": "conversation",
      "status": "active"
    },
    {
      "id": "taka-002", 
      "fact": "Taka has authority to request changes to ANE Newsletter website via /editor page",
      "category": "permission",
      "timestamp": "2026-01-31",
      "source": "conversation",
      "status": "active"
    },
    {
      "id": "taka-003",
      "fact": "Taka likely communicates in Japanese",
      "category": "preference",
      "timestamp": "2026-01-31",
      "source": "conversation",
      "status": "active"
    }
  ]
}
