[
  {
    "id": "taka-001",
    "fact": "Taka is Mentis's wife",
    "category": "relationship",
    "timestamp": "2026-01-31",
    "source": "conversation",
    "status": "active"
  },
  {
    "id": "taka-002",
    "fact": "Full name: Takako Horibe",
    "category": "identity",
    "timestamp": "2026-02-01",
    "source": "conversation",
    "status": "active"
  },
  {
    "id": "taka-003",
    "fact": "Email: acalanatha.takako@gmail.com",
    "category": "contact",
    "timestamp": "2026-02-01",
    "source": "conversation",
    "status": "active"
  },
  {
    "id": "taka-004",
    "fact": "Has authority to request changes to ANE Newsletter website via /editor page",
    "category": "permission",
    "timestamp": "2026-01-31",
    "source": "conversation",
    "status": "active"
  },
  {
    "id": "taka-005",
    "fact": "Primary language is Japanese",
    "category": "preference",
    "timestamp": "2026-01-31",
    "source": "conversation",
    "status": "active"
  },
  {
    "id": "taka-006",
    "fact": "Communication rule: Can reply to HER emails, but never initiate email to her",
    "category": "permission",
    "timestamp": "2026-02-01",
    "source": "conversation",
    "status": "active"
  },
  {
    "id": "taka-007",
    "fact": "Site changes for ANE still need Mentis approval via WhatsApp",
    "category": "workflow",
    "timestamp": "2026-02-01",
    "source": "conversation",
    "status": "active"
  },
  {
    "id": "taka-008",
    "fact": "Sent apology email in Japanese after workflow mistake (Feb 1)",
    "category": "interaction",
    "timestamp": "2026-02-01",
    "source": "conversation",
    "status": "active"
  }
]
