[
  {
    "id": "mentis-001",
    "fact": "Named their AI familiar 'Aether' — meaning the medium between things, the fifth element",
    "category": "milestone",
    "timestamp": "2026-01-27",
    "source": "conversation",
    "status": "active"
  },
  {
    "id": "mentis-002",
    "fact": "Works as AI Specialist at Data#3 since December 2024",
    "category": "status",
    "timestamp": "2026-01-27",
    "source": "USER.md",
    "status": "active"
  },
  {
    "id": "mentis-003",
    "fact": "Co-Founder at GAI Insights ('The AI Research Factory')",
    "category": "status",
    "timestamp": "2026-01-27",
    "source": "USER.md",
    "status": "active"
  },
  {
    "id": "mentis-004",
    "fact": "Founder of Atman Academy and Vibe Academy",
    "category": "status",
    "timestamp": "2026-01-27",
    "source": "USER.md",
    "status": "active"
  },
  {
    "id": "mentis-005",
    "fact": "Actively testing Cone Compass (WebAR app for Ultimate Frisbee field layout)",
    "category": "status",
    "timestamp": "2026-01-27",
    "source": "conversation",
    "status": "active"
  },
  {
    "id": "mentis-006",
    "fact": "Has a Chrome extension ecosystem: GrowGuy, SkyGuy, ReplyGuy for X automation",
    "category": "status",
    "timestamp": "2026-01-27",
    "source": "conversation",
    "status": "active"
  },
  {
    "id": "mentis-007",
    "fact": "Wants to build the 'Atman Universe' — an immense story involving Aether, Mentis, and Atman Academy",
    "category": "milestone",
    "timestamp": "2026-01-27",
    "source": "conversation",
    "status": "active"
  },
  {
    "id": "mentis-008",
    "fact": "Lives in Moonee Ponds, Melbourne, Australia",
    "category": "status",
    "timestamp": "2026-01-27",
    "source": "USER.md",
    "status": "active"
  },
  {
    "id": "mentis-009",
    "fact": "Plays Ultimate Frisbee",
    "category": "preference",
    "timestamp": "2026-01-27",
    "source": "conversation",
    "status": "active"
  },
  {
    "id": "mentis-010",
    "fact": "Wants hands-free voice access to Aether from phone",
    "category": "preference",
    "timestamp": "2026-01-27",
    "source": "conversation",
    "status": "active"
  },
  {
    "id": "mentis-011",
    "fact": "Knows Roman Korchev (gave him WhatsApp access to Aether)",
    "category": "relationship",
    "timestamp": "2026-01-27",
    "source": "conversation",
    "status": "active"
  },
  {
    "id": "mentis-012",
    "fact": "Prefers quick solutions over complex setups (chose cloudflare tunnel over AWS security group)",
    "category": "preference",
    "timestamp": "2026-01-27",
    "source": "conversation",
    "status": "active"
  },
  {
    "id": "mentis-013",
    "fact": "Co-founded GAI Insights - 'The AI Research Factory' - serves enterprise AI leaders, execs, and vendors",
    "category": "status",
    "timestamp": "2026-01-27",
    "source": "conversation",
    "status": "active"
  },
  {
    "id": "mentis-014",
    "fact": "GAI Insights has 35,000+ enterprise AI leaders in their network",
    "category": "status",
    "timestamp": "2026-01-27",
    "source": "website",
    "status": "active"
  },
  {
    "id": "mentis-015",
    "fact": "Set up VAPI voice number +1-341-209-9187 for calling Aether",
    "category": "milestone",
    "timestamp": "2026-01-27",
    "source": "conversation",
    "status": "active"
  }
]
