[
  {
    "id": "roman-001",
    "fact": "WhatsApp allowlisted by Mentis",
    "category": "status",
    "timestamp": "2026-01-27",
    "source": "conversation",
    "status": "active"
  },
  {
    "id": "roman-002",
    "fact": "Engagement rule: only respond when message starts with 'Aether'",
    "category": "preference",
    "timestamp": "2026-01-27",
    "source": "conversation",
    "status": "active"
  },
  {
    "id": "roman-003",
    "fact": "Friend or contact of Mentis (relationship TBD)",
    "category": "relationship",
    "timestamp": "2026-01-27",
    "source": "inferred",
    "status": "active"
  }
]
