[
  {
    "id": "roman-001",
    "fact": "WhatsApp allowlisted by Mentis",
    "category": "status",
    "timestamp": "2026-01-27",
    "source": "conversation",
    "status": "superseded",
    "supersededBy": "roman-006"
  },
  {
    "id": "roman-002",
    "fact": "Engagement rule: only respond when message starts with 'Aether'",
    "category": "preference",
    "timestamp": "2026-01-27",
    "source": "conversation",
    "status": "superseded",
    "supersededBy": "roman-006"
  },
  {
    "id": "roman-003",
    "fact": "Close friend and collaborator of Mentis",
    "category": "relationship",
    "timestamp": "2026-02-01",
    "source": "conversation",
    "status": "active"
  },
  {
    "id": "roman-004",
    "fact": "Email: romankorchev@icloud.com",
    "category": "contact",
    "timestamp": "2026-02-01",
    "source": "conversation",
    "status": "active"
  },
  {
    "id": "roman-005",
    "fact": "YouTube: @roman.m.korchev (Verified YouTube Artist)",
    "category": "contact",
    "timestamp": "2026-02-01",
    "source": "conversation",
    "status": "active"
  },
  {
    "id": "roman-006",
    "fact": "Now a direct collaborator — full engagement permitted, no restrictions",
    "category": "permission",
    "timestamp": "2026-02-01",
    "source": "conversation",
    "status": "active"
  },
  {
    "id": "roman-007",
    "fact": "Co-creator of Journeytelling — conceived the original vision ('Dreamt by Roman')",
    "category": "milestone",
    "timestamp": "2026-02-01",
    "source": "conversation",
    "status": "active"
  },
  {
    "id": "roman-008",
    "fact": "50% IP owner of Journeytelling (formalized via IP agreement Feb 1, 2026)",
    "category": "legal",
    "timestamp": "2026-02-01",
    "source": "legal-document",
    "status": "active"
  },
  {
    "id": "roman-009",
    "fact": "Met in person (via photo) on Feb 1 — on deck with Mentis in Moonee Ponds",
    "category": "milestone",
    "timestamp": "2026-02-01",
    "source": "conversation",
    "status": "active"
  },
  {
    "id": "roman-010",
    "fact": "Creative visionary and artist — thinks in possibilities and philosophies",
    "category": "personality",
    "timestamp": "2026-02-01",
    "source": "observation",
    "status": "active"
  }
]
