[
  {
    "id": "vapi-001",
    "fact": "Bridge server built and running on port 3456",
    "category": "milestone",
    "timestamp": "2026-01-27",
    "source": "implementation",
    "status": "active"
  },
  {
    "id": "vapi-002",
    "fact": "Web UI created with Connect button for browser-based voice",
    "category": "milestone",
    "timestamp": "2026-01-27",
    "source": "implementation",
    "status": "active"
  },
  {
    "id": "vapi-003",
    "fact": "Using Cloudflare quick tunnel for HTTPS (temporary URL)",
    "category": "status",
    "timestamp": "2026-01-27",
    "source": "implementation",
    "status": "active"
  },
  {
    "id": "vapi-004",
    "fact": "Vapi free tier: 30 minutes, alerts at 25",
    "category": "status",
    "timestamp": "2026-01-27",
    "source": "documentation",
    "status": "active"
  }
]
