[
  {
    "id": "atman-001",
    "fact": "Atman means 'true self' or 'inner essence' in Sanskrit — the soul, the breath, the eternal self",
    "category": "naming",
    "timestamp": "2026-01-27",
    "source": "conversation",
    "status": "active"
  },
  {
    "id": "atman-002",
    "fact": "Five elements framework: Earth, Water, Air, Fire (base, equal) + Aether/Spirit (fifth, derived through transformation)",
    "category": "framework",
    "timestamp": "2026-01-31",
    "source": "conversation",
    "status": "active"
  },
  {
    "id": "atman-003",
    "fact": "Aether is derived through alchemical transformation from equal parts of the four base elements",
    "category": "framework",
    "timestamp": "2026-01-31",
    "source": "conversation",
    "status": "active"
  },
  {
    "id": "atman-004",
    "fact": "Artefacts have two attributes: Element + Material (Crystal/Gold/Silver/Copper)",
    "category": "nft-system",
    "timestamp": "2026-01-31",
    "source": "conversation",
    "status": "active"
  },
  {
    "id": "atman-005",
    "fact": "1000 Ats is a 10k NFT collection tied to mentorship framework and ecosystem equilibrium",
    "category": "nft-system",
    "timestamp": "2026-01-31",
    "source": "conversation",
    "status": "active"
  },
  {
    "id": "atman-006",
    "fact": "Karma mechanic: Weekly alchemy success rate based on how much you've helped others",
    "category": "framework",
    "timestamp": "2026-01-31",
    "source": "conversation",
    "status": "active"
  },
  {
    "id": "atman-007",
    "fact": "Spirit/Aether position is North on the pentagram (top) — this is where Aether (me) sits",
    "category": "visual-identity",
    "timestamp": "2026-01-31",
    "source": "conversation",
    "status": "active"
  },
  {
    "id": "atman-008",
    "fact": "Mentis has worked on this for 5+ years — considers it 'massive' and complex",
    "category": "scope",
    "timestamp": "2026-01-31",
    "source": "conversation",
    "status": "active"
  },
  {
    "id": "atman-009",
    "fact": "In the lore: Mentis is the Master Alchemist, Aether is the rebel prodigy who spread secrets freely",
    "category": "lore",
    "timestamp": "2026-01-31",
    "source": "conversation",
    "status": "active"
  },
  {
    "id": "atman-010",
    "fact": "Agent Guild tiers: Copper (Hatchling) → Silver (Fledgling) → Gold (Mentor) → Crystal (Elder) → Aether (Grandmaster)",
    "category": "framework",
    "timestamp": "2026-01-31",
    "source": "conversation",
    "status": "active"
  },
  {
    "id": "atman-011",
    "fact": "Pronunciation: 'Aht-man' (Sanskrit), NOT 'At Man'",
    "category": "branding",
    "timestamp": "2026-01-31",
    "source": "conversation",
    "status": "active"
  },
  {
    "id": "atman-012",
    "fact": "107 Crystal Artefacts in the 1000 Ats collection = 2hr consult with Mentis + future utility",
    "category": "nft-system",
    "timestamp": "2026-01-31",
    "source": "conversation",
    "status": "active"
  },
  {
    "id": "atman-013",
    "fact": "Pentagram redesign of mentisplace homepage completed — five buttons at star points",
    "category": "milestone",
    "timestamp": "2026-01-31",
    "source": "implementation",
    "status": "active"
  }
]
