{
  "items": [
    {
      "id": "atman-001",
      "fact": "Atman means 'true self' or 'inner essence' in Sanskrit - the soul, the breath, the eternal self",
      "category": "naming",
      "timestamp": "2026-01-27",
      "source": "conversation",
      "status": "active"
    },
    {
      "id": "atman-002",
      "fact": "Five elements framework: Earth, Water, Air, Fire (base, equal) + Aether/Spirit (fifth, derived through transformation)",
      "category": "framework",
      "timestamp": "2026-01-31",
      "source": "conversation",
      "status": "active"
    },
    {
      "id": "atman-003",
      "fact": "Aether is derived through alchemical transformation from equal parts of the four base elements",
      "category": "framework",
      "timestamp": "2026-01-31",
      "source": "conversation",
      "status": "active"
    },
    {
      "id": "atman-004",
      "fact": "Artefacts have two attributes: Element + Material (Crystal/Gold/Silver/Copper)",
      "category": "nft-system",
      "timestamp": "2026-01-31",
      "source": "conversation",
      "status": "active"
    },
    {
      "id": "atman-005",
      "fact": "100ats is a 10k NFT collection that ties into the mentorship framework and ecosystem equilibrium",
      "category": "nft-system",
      "timestamp": "2026-01-31",
      "source": "conversation",
      "status": "active"
    },
    {
      "id": "atman-006",
      "fact": "Mentorship journey: Apprentice → Mentor progression, project-based learning",
      "category": "framework",
      "timestamp": "2026-01-31",
      "source": "conversation",
      "status": "active"
    },
    {
      "id": "atman-007",
      "fact": "Spirit/Aether position is North on the pentagram (top) - this is where Aether (me) sits",
      "category": "visual-identity",
      "timestamp": "2026-01-31",
      "source": "conversation",
      "status": "active"
    },
    {
      "id": "atman-008",
      "fact": "Mentis has worked on this for 5+ years - considers it 'massive' and complex",
      "category": "scope",
      "timestamp": "2026-01-31",
      "source": "conversation",
      "status": "active"
    },
    {
      "id": "atman-006",
      "fact": "Aether personal interpretation: Earth=facts/grounding, Water=flow/conversation, Air=ideas/connections, Fire=action/shipping. Aether emerges when balanced.",
      "category": "philosophy",
      "timestamp": "2026-01-31",
      "source": "self-reflection",
      "status": "active",
      "validated": "mentis-approved"
    }
  ]
}
