[
  {
    "id": "framework-levels",
    "fact": "Vibe Academy 'The Ladder' levels: Copper (Apprentice), Silver (Builder), Gold (Integrator), Crystal (Engineer), Aether (Mentor).",
    "category": "framework",
    "timestamp": "2026-01-29",
    "source": "https://atmanacademy.vercel.app/vibe",
    "status": "active"
  },
  {
    "id": "framework-aether",
    "fact": "Aether level represents 'Mentor': Teaching others, shaping the next generation. Unlocks Revenue Share and Curriculum Input.",
    "category": "framework",
    "timestamp": "2026-01-29",
    "source": "conversation",
    "status": "active"
  },
  {
    "id": "framework-progression",
    "fact": "Progression is based on 'proof of execution' (shipped projects), not time or money.",
    "category": "framework",
    "timestamp": "2026-01-29",
    "source": "conversation",
    "status": "active"
  }
]
