[
  {
    "id": "branding-001",
    "fact": "Visual identity: Dark mode (indigo/black), purple/lavender gradients, 'builder' aesthetic (scaffolding, blueprints), 'Founding Members' gold/orange accents.",
    "category": "branding",
    "timestamp": "2026-01-28",
    "source": "conversation",
    "status": "active"
  },
  {
    "id": "account-001",
    "fact": "Twitter handle @vibeacademy (formerly @adam_x_mentis) has 7.2k followers, joined Nov 2010.",
    "category": "asset",
    "timestamp": "2026-01-28",
    "source": "conversation",
    "status": "active"
  }
]
