[
  {
    "id": "branding-001",
    "fact": "Visual identity: Dark mode (indigo/black), purple/lavender gradients, 'builder' aesthetic (scaffolding, blueprints), 'Founding Members' gold/orange accents.",
    "category": "branding",
    "timestamp": "2026-01-28",
    "source": "conversation",
    "status": "active"
  },
  {
    "id": "account-001",
    "fact": "Twitter handle @vibeacademy (formerly @adam_x_mentis) has 7.2k followers, joined Nov 2010.",
    "category": "asset",
    "timestamp": "2026-01-28",
    "source": "conversation",
    "status": "active"
  },
  {
    "id": "subscription-001",
    "fact": "X subscription launched at $10/month (Feb 1, 2026)",
    "category": "milestone",
    "timestamp": "2026-02-01",
    "source": "conversation",
    "status": "active"
  },
  {
    "id": "subscription-002",
    "fact": "$10/month is the 'door' entry point to the Atman Universe value ladder",
    "category": "strategy",
    "timestamp": "2026-02-01",
    "source": "conversation",
    "status": "active"
  },
  {
    "id": "feature-001",
    "fact": "/review page with image voting by registered users working",
    "category": "feature",
    "timestamp": "2026-01-31",
    "source": "implementation",
    "status": "active"
  },
  {
    "id": "feature-002",
    "fact": "Vibe Dashboard at mentisplace.vercel.app/vibe-dashboard shows registrations, votes, ratings",
    "category": "feature",
    "timestamp": "2026-01-31",
    "source": "implementation",
    "status": "active"
  }
]
