[
  {
    "id": "echo-001",
    "fact": "Echo Speaks launched at echospeaks.vercel.app",
    "category": "milestone",
    "timestamp": "2026-01-28",
    "source": "implementation",
    "status": "active"
  },
  {
    "id": "echo-002",
    "fact": "Echo is GAI Insights' analyst persona — separate from Aether",
    "category": "identity",
    "timestamp": "2026-01-28",
    "source": "conversation",
    "status": "active"
  },
  {
    "id": "echo-003",
    "fact": "Voice phone number: +1-341-209-9187 via VAPI",
    "category": "infrastructure",
    "timestamp": "2026-01-28",
    "source": "implementation",
    "status": "active"
  },
  {
    "id": "echo-004",
    "fact": "Rating rubric built from analysis of 2,909 rated articles",
    "category": "data",
    "timestamp": "2026-01-28",
    "source": "implementation",
    "status": "active"
  },
  {
    "id": "echo-005",
    "fact": "Daily briefing pipeline runs at 5pm Melbourne / 6am UTC",
    "category": "automation",
    "timestamp": "2026-01-29",
    "source": "implementation",
    "status": "active"
  },
  {
    "id": "echo-006",
    "fact": "Easter egg: Say 'artefact' during voice call for free Q&A mode",
    "category": "feature",
    "timestamp": "2026-01-28",
    "source": "implementation",
    "status": "active"
  }
]
