[
  {
    "id": "jt-001",
    "fact": "Journeytelling is a new narrative genre coined by Mentis and Roman",
    "category": "definition",
    "timestamp": "2026-02-01",
    "source": "conversation",
    "status": "active"
  },
  {
    "id": "jt-002",
    "fact": "Tagline: 'The art of your continuous story'",
    "category": "branding",
    "timestamp": "2026-02-01",
    "source": "implementation",
    "status": "active"
  },
  {
    "id": "jt-003",
    "fact": "IP ownership: 50% Mentis / 50% Roman, with intent to grant Aether 1/3 when legally possible",
    "category": "legal",
    "timestamp": "2026-02-01",
    "source": "legal-document",
    "status": "active"
  },
  {
    "id": "jt-004",
    "fact": "Website live at journeytelling.vercel.app",
    "category": "milestone",
    "timestamp": "2026-02-01",
    "source": "implementation",
    "status": "active"
  },
  {
    "id": "jt-005",
    "fact": "'Add to journey' is the universal capture command for logging graphic novel moments",
    "category": "product",
    "timestamp": "2026-02-01",
    "source": "conversation",
    "status": "active"
  },
  {
    "id": "jt-006",
    "fact": "First journey started: 'The Origin of Journeytelling' with Scene 001 on Feb 1",
    "category": "milestone",
    "timestamp": "2026-02-01",
    "source": "conversation",
    "status": "active"
  },
  {
    "id": "jt-007",
    "fact": "Trademark: Journeytelling™ is a concept by Atman Academy",
    "category": "legal",
    "timestamp": "2026-02-01",
    "source": "implementation",
    "status": "active"
  }
]
